part_id,lot_id,iddq_0h,iddq_24h,ileak_0h,ileak_24h,tpd_0h,tpd_24h,vth_0h,vth_24h,idsat_0h,idsat_24h,irev_0h,irev_24h
LOTSIH-0001,LOTSIH,9.338,9.683,10.083,10.059,4.718,4.761,0.512,0.508,12.119,12.023,1.809,1.834
LOTSIH-0002,LOTSIH,13.022,13.446,9.988,10.066,4.428,4.451,0.497,0.492,11.582,11.486,1.389,1.474
LOTSIH-0003,LOTSIH,13.869,13.538,9.457,9.494,4.853,4.91,0.533,0.534,11.639,11.408,1.909,1.906
LOTSIH-0004,LOTSIH,10.946,11.06,9.485,9.485,4.257,4.256,0.529,0.525,12.274,12.27,1.785,1.788
LOTSIH-0005,LOTSIH,9.653,9.821,10.465,10.645,4.924,4.915,0.522,0.531,12.131,12.095,1.875,1.902
LOTSIH-0006,LOTSIH,10.439,10.127,8.9,8.853,4.203,4.19,0.536,0.538,11.228,11.041,2.033,1.952
LOTSIH-0007,LOTSIH,11.102,11.001,8.829,8.715,5.029,5.036,0.532,0.526,11.734,11.521,1.571,1.659
LOTSIH-0008,LOTSIH,9.517,9.591,9.13,9.261,4.24,4.247,0.535,0.535,11.474,11.587,1.994,2.038
LOTSIH-0009,LOTSIH,13.846,13.964,10.801,10.955,4.393,4.43,0.524,0.522,10.797,10.792,2.021,2.001
LOTSIH-0010,LOTSIH,11.233,11.242,8.323,8.575,4.226,4.229,0.487,0.487,11.927,11.993,1.961,1.911
LOTSIH-0011,LOTSIH,12.164,12.345,10.13,10.086,4.724,4.737,0.522,0.527,11.755,11.488,1.928,1.965
LOTSIH-0012,LOTSIH,12.087,11.759,9.45,9.634,4.83,4.844,0.517,0.516,12.942,12.731,1.99,2.021
LOTSIH-0013,LOTSIH,12.172,12.635,11.803,12.117,4.187,4.192,0.506,0.506,12.733,12.643,1.964,1.981
LOTSIH-0014,LOTSIH,11.161,11.008,11.794,11.643,5.218,5.212,0.497,0.497,13.044,13.043,1.859,1.851
LOTSIH-0015,LOTSIH,10.267,9.86,10.315,10.403,4.528,4.612,0.537,0.538,12.023,11.802,1.915,1.928
LOTSIH-0016,LOTSIH,12.801,12.812,12.186,12.372,4.992,4.931,0.506,0.506,14.419,14.31,1.882,1.935
LOTSIH-0017,LOTSIH,10.317,10.092,10.482,10.495,5.608,5.622,0.552,0.549,12.192,11.867,1.794,1.776
LOTSIH-0018,LOTSIH,9.792,9.768,10.671,10.852,4.923,4.929,0.472,0.473,9.106,9.062,2.031,2.049
LOTSIH-0019,LOTSIH,12.279,12.499,10.845,10.915,4.281,4.293,0.522,0.52,10.74,10.674,1.929,2.161
LOTSIH-0020,LOTSIH,9.954,9.704,9.632,9.541,4.647,4.654,0.507,0.508,13.224,13.111,1.903,1.942
LOTSIH-0021,LOTSIH,9.789,9.564,10.795,10.857,5.049,5.047,0.484,0.484,11.039,10.911,1.786,1.771
LOTSIH-0022,LOTSIH,13.197,13.11,10.546,10.779,4.694,4.719,0.523,0.516,12.084,12.006,2.287,2.237
LOTSIH-0023,LOTSIH,11.979,11.84,8.837,9.329,4.998,4.998,0.506,0.511,12.694,12.579,1.98,1.986
LOTSIH-0024,LOTSIH,10.387,10.441,8.023,7.996,4.81,4.777,0.52,0.525,10.998,10.994,1.879,1.962
LOTSIH-0025,LOTSIH,10.304,10.287,12.206,12.181,5.144,5.122,0.523,0.522,11.476,11.401,1.78,1.755
LOTSIH-0026,LOTSIH,9.135,9.236,9.209,9.512,4.999,4.98,0.526,0.53,11.657,11.535,1.721,1.803
LOTSIH-0027,LOTSIH,12.535,12.818,9.991,10.318,4.302,4.314,0.506,0.503,11.664,11.56,1.779,1.751
LOTSIH-0028,LOTSIH,11.263,11.267,11.375,11.386,4.971,5.038,0.519,0.52,13.893,13.883,2.251,2.341
LOTSIH-0029,LOTSIH,12.307,12.533,8.64,8.585,4.556,4.563,0.535,0.538,11.584,11.538,1.815,1.809
LOTSIH-0030,LOTSIH,12.542,12.682,7.715,7.787,4.897,4.869,0.552,0.547,12.949,12.848,1.675,1.631
LOTSIH-0031,LOTSIH,10.454,10.482,7.881,7.971,4.407,4.46,0.524,0.526,12.883,12.944,1.805,1.831
LOTSIH-0032,LOTSIH,12.705,12.776,10.951,11.054,4.135,4.178,0.51,0.51,12.472,12.478,2.056,2.006
LOTSIH-0033,LOTSIH,11.678,11.599,10.302,10.558,4.476,4.471,0.49,0.495,11.255,11.095,1.898,1.905
LOTSIH-0034,LOTSIH,11.622,11.996,9.624,9.626,5.088,5.152,0.536,0.536,10.936,10.987,1.885,1.907
LOTSIH-0035,LOTSIH,8.909,8.89,11.659,11.968,4.255,4.255,0.521,0.517,12.649,12.654,2.208,2.111
LOTSIH-0036,LOTSIH,11.735,12.011,8.215,8.377,3.925,3.93,0.508,0.513,12.03,12.019,1.809,1.856
LOTSIH-0037,LOTSIH,10.824,10.633,7.65,7.792,4.435,4.45,0.528,0.53,12.062,12.123,1.499,1.419
LOTSIH-0038,LOTSIH,10.495,10.505,11.393,11.301,4.776,4.739,0.511,0.514,12.892,12.776,1.879,1.941
LOTSIH-0039,LOTSIH,11.138,11.05,8.587,8.552,4.734,4.729,0.527,0.532,11.933,11.997,1.908,1.881
LOTSIH-0040,LOTSIH,10.643,10.815,11.958,12.006,5.283,5.28,0.496,0.499,12.155,11.931,1.991,1.999
LOTSIH-0041,LOTSIH,10.547,10.758,9.652,9.622,4.627,4.643,0.518,0.52,11.644,11.534,2.197,2.244
LOTSIH-0042,LOTSIH,9.831,10.044,10.553,10.308,4.547,4.609,0.538,0.54,11.481,11.439,1.306,1.256
LOTSIH-0043,LOTSIH,10.375,10.268,9.665,9.787,4.465,4.527,0.53,0.535,11.225,11.286,1.735,1.726
LOTSIH-0044,LOTSIH,11.201,11.132,11.256,11.312,5.001,5.072,0.512,0.512,13.291,13.186,2.134,2.167
LOTSIH-0045,LOTSIH,13.235,13.491,45.0,45.32,4.271,4.302,0.541,0.536,11.233,11.29,1.487,1.52
LOTSIH-0046,LOTSIH,8.937,8.768,9.121,9.319,4.754,4.836,0.535,0.535,11.591,11.522,1.438,1.461
LOTSIH-0047,LOTSIH,7.818,7.907,12.051,12.29,4.939,4.966,0.557,0.557,12.998,12.973,1.427,1.459
LOTSIH-0048,LOTSIH,10.496,10.989,11.19,11.311,4.65,4.648,0.534,0.533,12.208,12.179,1.755,1.715
LOTSIH-0049,LOTSIH,12.36,12.632,10.797,10.909,4.997,5.028,0.525,0.528,11.963,12.026,1.564,1.544
LOTSIH-0050,LOTSIH,10.353,10.573,10.116,10.186,4.754,4.714,0.508,0.51,11.424,11.372,1.883,1.878
LOTSIH-0051,LOTSIH,7.561,7.849,10.708,10.856,5.02,5.077,0.495,0.493,13.465,13.491,1.535,1.561
LOTSIH-0052,LOTSIH,9.921,10.033,9.844,9.828,4.512,4.555,0.494,0.493,11.681,11.483,1.658,1.76
LOTSIH-0053,LOTSIH,10.008,9.764,10.457,10.798,4.26,4.247,0.509,0.505,12.318,12.239,1.694,1.641
LOTSIH-0054,LOTSIH,8.532,8.595,9.447,9.329,4.681,4.697,0.513,0.515,12.257,12.232,1.555,1.509
LOTSIH-0055,LOTSIH,11.917,12.069,11.636,11.657,4.553,4.537,0.49,0.496,12.211,12.205,1.587,1.539
LOTSIH-0056,LOTSIH,11.148,11.288,10.318,10.355,4.573,4.629,0.499,0.493,11.176,11.117,1.894,1.895
LOTSIH-0057,LOTSIH,9.359,9.552,9.505,9.394,4.82,4.815,0.514,0.512,15.484,15.253,1.775,1.878
LOTSIH-0058,LOTSIH,11.77,12.121,9.818,9.985,4.126,4.142,0.522,0.523,11.428,11.25,1.846,1.904
LOTSIH-0059,LOTSIH,10.205,10.232,9.948,10.266,4.881,4.852,0.502,0.502,12.347,12.308,1.654,1.58
LOTSIH-0060,LOTSIH,12.888,12.75,10.544,10.794,4.542,4.583,0.524,0.521,11.618,11.481,1.62,1.639
LOTSIH-0061,LOTSIH,11.898,12.107,10.973,11.203,5.043,5.042,0.524,0.528,12.47,12.603,1.69,1.648
LOTSIH-0062,LOTSIH,13.216,13.64,9.107,9.121,4.979,5.027,0.536,0.537,12.981,13.014,1.645,1.655
LOTSIH-0063,LOTSIH,10.562,11.06,10.602,10.462,4.601,4.584,0.523,0.524,11.634,11.507,1.731,1.807
LOTSIH-0064,LOTSIH,12.075,12.331,9.379,9.346,4.612,4.643,0.53,0.537,11.4,11.459,1.782,1.818
LOTSIH-0065,LOTSIH,10.075,10.26,11.04,11.108,4.676,4.712,0.499,0.506,13.006,12.785,2.207,2.245
LOTSIH-0066,LOTSIH,10.887,11.162,10.313,10.324,4.636,4.683,0.489,0.496,12.823,12.869,2.402,2.434
LOTSIH-0067,LOTSIH,11.933,11.916,8.942,8.886,4.373,4.39,0.537,0.534,12.119,12.048,1.851,1.861
LOTSIH-0068,LOTSIH,11.207,11.19,9.636,9.789,5.108,5.135,0.543,0.539,11.669,11.715,1.689,1.738
LOTSIH-0069,LOTSIH,10.804,11.338,9.878,9.926,4.303,4.351,0.534,0.535,12.276,12.157,1.632,1.635
LOTSIH-0070,LOTSIH,11.306,11.313,10.495,10.455,5.338,5.366,0.502,0.507,11.064,11.157,1.934,1.882
LOTSIH-0071,LOTSIH,11.077,10.965,8.201,8.466,4.188,4.275,0.506,0.513,11.742,11.74,1.745,1.716
LOTSIH-0072,LOTSIH,9.882,10.135,9.58,9.791,5.066,5.039,0.499,0.496,12.437,12.408,1.493,1.488
LOTSIH-0073,LOTSIH,11.343,11.421,9.278,9.44,5.117,5.144,0.505,0.506,10.303,10.225,1.728,1.61
LOTSIH-0074,LOTSIH,10.881,11.146,10.581,10.602,4.666,4.698,0.523,0.527,11.075,11.229,1.961,2.092
LOTSIH-0075,LOTSIH,11.214,11.298,8.655,8.846,4.999,5.02,0.539,0.542,13.61,13.666,1.648,1.702
LOTSIH-0076,LOTSIH,10.558,10.835,9.996,10.185,4.465,4.507,0.559,0.562,11.309,11.391,1.887,1.868
LOTSIH-0077,LOTSIH,11.566,11.694,9.444,9.479,4.332,4.347,0.505,0.505,11.707,11.447,1.876,1.875
LOTSIH-0078,LOTSIH,10.698,11.162,10.495,10.411,4.954,4.958,0.532,0.532,11.553,11.418,2.002,2.106
LOTSIH-0079,LOTSIH,8.457,8.577,9.608,9.834,4.527,4.535,0.507,0.511,12.205,12.184,1.687,1.713
LOTSIH-0080,LOTSIH,11.93,11.611,9.717,9.777,4.4,4.429,0.536,0.533,11.961,11.994,1.913,1.906
LOTSIH-0081,LOTSIH,11.673,11.414,9.85,9.799,4.54,4.532,0.517,0.517,13.964,13.935,1.922,1.943
LOTSIH-0082,LOTSIH,9.99,10.309,12.219,12.232,5.345,5.376,0.506,0.513,13.05,13.11,1.96,1.845
LOTSIH-0083,LOTSIH,12.266,12.322,12.291,12.599,4.849,4.972,0.523,0.523,12.059,11.899,1.667,1.669
LOTSIH-0084,LOTSIH,11.566,11.537,10.251,10.44,4.64,4.604,0.499,0.499,12.489,12.42,1.519,1.483
LOTSIH-0085,LOTSIH,13.049,13.055,10.447,10.51,4.932,4.949,0.517,0.517,11.933,11.786,1.862,1.874
LOTSIH-0086,LOTSIH,11.831,11.872,9.36,9.229,4.319,4.395,0.513,0.513,12.138,12.145,1.895,1.905
LOTSIH-0087,LOTSIH,11.921,12.101,12.715,12.59,4.445,4.411,0.526,0.523,10.98,10.819,1.76,1.743
LOTSIH-0088,LOTSIH,12.598,12.823,9.725,9.798,4.728,4.733,0.513,0.511,12.162,12.107,1.813,1.838
LOTSIH-0089,LOTSIH,10.678,10.848,9.217,9.233,5.109,5.088,0.544,0.547,13.374,13.242,1.869,1.948
LOTSIH-0090,LOTSIH,9.089,9.31,9.839,10.047,5.522,5.521,0.499,0.504,12.857,12.748,1.764,1.863
LOTSIH-0091,LOTSIH,11.366,11.211,8.569,8.609,4.132,4.119,0.508,0.509,10.587,10.606,1.486,1.529
LOTSIH-0092,LOTSIH,12.666,12.939,8.96,8.939,4.623,4.611,0.519,0.527,12.893,12.875,1.892,1.973
LOTSIH-0093,LOTSIH,11.762,11.696,11.133,11.269,4.437,4.429,0.531,0.531,13.413,13.404,1.719,1.743
LOTSIH-0094,LOTSIH,11.25,11.387,10.61,10.564,4.238,4.223,0.501,0.499,11.755,11.766,2.008,1.971
LOTSIH-0095,LOTSIH,9.775,9.985,8.712,8.718,4.637,4.695,0.518,0.522,12.529,12.346,1.916,1.904
LOTSIH-0096,LOTSIH,9.756,9.834,11.755,11.946,5.046,4.952,0.526,0.526,11.528,11.482,1.726,1.786
LOTSIH-0097,LOTSIH,10.805,10.85,9.578,9.768,4.518,4.536,0.526,0.535,12.459,12.474,1.883,1.918
LOTSIH-0098,LOTSIH,9.905,9.935,9.949,9.928,4.87,4.913,0.496,0.499,11.875,11.939,2.02,2.084
LOTSIH-0099,LOTSIH,10.72,10.845,10.874,10.853,4.222,4.313,0.546,0.55,10.946,10.867,1.768,1.747
LOTSIH-0100,LOTSIH,11.743,11.752,8.925,9.129,4.966,4.973,0.5,0.503,12.063,12.008,1.545,1.501
LOTSIH-0101,LOTSIH,12.585,12.608,10.145,10.134,4.035,4.042,0.537,0.535,10.638,10.693,2.026,2.078
LOTSIH-0102,LOTSIH,11.743,11.79,9.76,10.13,4.439,4.426,0.508,0.512,10.769,10.676,2.08,2.09
LOTSIH-0103,LOTSIH,12.544,12.755,8.328,8.257,4.589,4.612,0.545,0.547,11.992,11.927,1.937,1.953
LOTSIH-0104,LOTSIH,9.81,9.614,10.738,10.804,4.828,4.825,0.53,0.527,11.439,11.553,1.454,1.386
LOTSIH-0105,LOTSIH,8.702,8.749,10.206,10.335,4.161,4.167,0.548,0.551,11.799,11.705,2.013,2.042
LOTSIH-0106,LOTSIH,10.179,10.524,9.778,9.846,4.639,4.654,0.54,0.541,11.308,11.209,1.635,1.669
LOTSIH-0107,LOTSIH,8.866,9.054,10.825,10.411,4.344,4.263,0.536,0.538,11.89,11.768,2.058,2.046
LOTSIH-0108,LOTSIH,11.499,11.583,9.024,9.165,4.51,4.544,0.518,0.516,13.412,13.325,1.653,1.723
LOTSIH-0109,LOTSIH,11.855,11.767,9.811,10.001,4.855,4.892,0.538,0.541,12.7,12.525,1.849,1.763
LOTSIH-0110,LOTSIH,13.367,13.407,9.077,8.972,4.508,4.529,0.521,0.52,12.013,11.856,2.157,2.195
LOTSIH-0111,LOTSIH,9.709,9.948,9.755,10.022,5.58,5.628,0.504,0.505,12.501,12.39,1.877,1.857
LOTSIH-0112,LOTSIH,10.113,10.174,11.839,11.836,4.38,4.438,0.52,0.51,11.579,11.62,1.405,1.496
LOTSIH-0113,LOTSIH,9.637,9.372,11.374,11.336,5.084,5.056,0.538,0.538,11.204,11.269,1.986,2.067
LOTSIH-0114,LOTSIH,10.159,9.848,8.855,8.932,4.528,4.527,0.508,0.516,11.443,11.43,1.784,1.833
LOTSIH-0115,LOTSIH,11.831,11.796,7.878,7.979,5.209,5.208,0.523,0.518,12.209,12.256,2.001,2.0
LOTSIH-0116,LOTSIH,10.904,10.88,11.333,11.258,5.112,5.131,0.523,0.526,11.063,11.004,1.752,1.761
LOTSIH-0117,LOTSIH,11.463,11.56,10.266,10.326,4.772,4.758,0.511,0.519,10.61,10.701,1.56,1.521
LOTSIH-0118,LOTSIH,9.641,9.324,10.151,10.278,4.335,4.403,0.527,0.525,12.433,12.362,1.769,1.938
LOTSIH-0119,LOTSIH,10.433,10.43,10.347,10.479,5.062,5.128,0.55,0.549,10.754,10.795,1.852,1.902
LOTSIH-0120,LOTSIH,10.865,10.823,10.785,10.702,4.125,4.186,0.509,0.509,12.129,12.068,2.043,2.078
LOTSIH-0121,LOTSIH,11.077,11.14,10.99,11.122,4.834,4.892,0.532,0.533,12.074,11.878,1.94,1.831
LOTSIH-0122,LOTSIH,11.214,11.47,10.707,10.668,5.232,5.271,0.554,0.551,10.626,10.621,1.5,1.565
LOTSIH-0123,LOTSIH,12.148,12.15,11.282,11.666,5.168,5.171,0.513,0.514,13.073,13.093,1.679,1.674
LOTSIH-0124,LOTSIH,10.241,10.011,10.272,10.238,4.792,4.753,0.53,0.533,12.36,12.381,2.143,2.176
LOTSIH-0125,LOTSIH,11.979,11.788,10.551,10.742,4.968,4.969,0.504,0.502,12.753,12.772,1.707,1.776
LOTSIH-0126,LOTSIH,10.696,10.591,11.351,11.41,4.952,4.961,0.48,0.474,10.368,10.305,1.729,1.697
LOTSIH-0127,LOTSIH,12.222,12.466,9.553,9.46,4.724,4.679,0.526,0.531,11.101,11.088,2.017,2.093
LOTSIH-0128,LOTSIH,12.16,12.365,10.932,10.817,5.362,5.33,0.526,0.524,12.348,12.309,1.829,1.884
LOTSIH-0129,LOTSIH,11.674,11.766,9.647,9.997,4.712,4.777,0.539,0.541,12.012,11.996,1.907,1.786
LOTSIH-0130,LOTSIH,10.445,10.369,10.476,10.465,3.988,4.057,0.502,0.504,9.969,10.109,1.868,1.967
LOTSIH-0131,LOTSIH,9.405,9.809,10.983,11.087,5.072,5.131,0.526,0.527,10.773,10.649,1.972,1.958
LOTSIH-0132,LOTSIH,11.875,12.058,10.764,10.694,5.402,5.426,0.488,0.493,11.418,11.452,1.797,1.823
LOTSIH-0133,LOTSIH,12.246,11.872,8.485,8.559,5.053,5.077,0.524,0.525,11.513,11.436,1.954,1.963
LOTSIH-0134,LOTSIH,10.82,10.845,11.616,11.676,4.774,4.778,0.499,0.494,11.949,11.796,1.731,1.761
LOTSIH-0135,LOTSIH,10.532,10.462,10.183,10.311,4.474,4.473,0.508,0.506,11.744,11.643,2.099,2.09
LOTSIH-0136,LOTSIH,11.099,11.163,9.248,9.321,4.877,4.947,0.519,0.517,12.387,12.228,2.139,2.08
LOTSIH-0137,LOTSIH,11.187,11.177,10.356,10.168,4.437,4.456,0.512,0.514,12.292,12.279,1.755,1.742
LOTSIH-0138,LOTSIH,8.715,9.11,9.282,9.417,4.721,4.771,0.544,0.539,10.822,10.97,1.87,1.904
LOTSIH-0139,LOTSIH,10.49,10.593,12.382,12.512,4.702,4.682,0.538,0.535,10.935,10.922,1.639,1.76
LOTSIH-0140,LOTSIH,11.832,11.81,8.872,9.01,4.346,4.411,0.513,0.508,13.052,12.999,1.749,1.74
LOTSIH-0141,LOTSIH,12.816,12.767,10.202,10.265,4.433,4.487,0.499,0.506,13.723,13.705,1.73,1.768
LOTSIH-0142,LOTSIH,12.577,12.506,9.517,9.536,4.369,4.375,0.533,0.528,11.898,11.782,1.845,1.885
LOTSIH-0143,LOTSIH,11.1,10.917,10.291,10.484,4.392,4.39,0.527,0.531,11.159,11.069,1.634,1.573
LOTSIH-0144,LOTSIH,11.178,11.551,8.847,8.856,4.589,4.589,0.49,0.496,12.917,12.849,1.851,1.996
LOTSIH-0145,LOTSIH,10.693,10.8,11.587,11.4,4.595,4.615,0.534,0.538,11.734,11.639,1.563,1.616
LOTSIH-0146,LOTSIH,10.756,10.75,10.072,10.132,4.004,4.031,0.514,0.515,11.92,11.922,1.922,1.88
LOTSIH-0147,LOTSIH,11.425,11.258,9.215,9.288,4.697,4.729,0.502,0.503,12.311,12.186,1.957,1.947
LOTSIH-0148,LOTSIH,10.478,10.774,12.21,12.196,4.723,4.716,0.508,0.516,12.936,12.927,1.566,1.561
LOTSIH-0149,LOTSIH,11.351,11.323,9.529,9.469,4.053,4.134,0.484,0.486,12.252,12.045,1.771,1.609
LOTSIH-0150,LOTSIH,11.426,11.414,10.289,10.44,4.478,4.474,0.538,0.534,14.523,14.574,1.218,1.326
LOTSIH-0151,LOTSIH,9.639,9.983,9.688,9.672,4.716,4.739,0.518,0.516,10.448,10.432,2.039,2.043
LOTSIH-0152,LOTSIH,10.324,9.877,11.238,11.358,4.514,4.524,0.513,0.521,11.251,11.232,2.08,2.057
LOTSIH-0153,LOTSIH,11.889,11.962,10.062,10.113,4.558,4.611,0.516,0.51,12.746,12.768,1.617,1.643
LOTSIH-0154,LOTSIH,8.808,8.731,9.983,9.876,5.361,5.355,0.515,0.519,12.499,12.468,1.691,1.778
LOTSIH-0155,LOTSIH,10.547,10.153,8.342,8.632,4.573,4.544,0.52,0.52,12.39,12.337,1.679,1.631
LOTSIH-0156,LOTSIH,11.201,11.226,9.973,10.242,4.202,4.239,0.497,0.497,12.482,12.566,2.052,2.07
LOTSIH-0157,LOTSIH,10.152,10.51,10.406,10.543,4.74,4.79,0.558,0.564,13.293,13.152,1.782,1.722
LOTSIH-0158,LOTSIH,9.879,9.886,7.816,8.029,4.261,4.278,0.528,0.53,11.765,11.609,1.943,1.93
LOTSIH-0159,LOTSIH,7.185,6.877,10.264,10.411,4.63,4.608,0.503,0.505,11.524,11.489,2.097,2.079
LOTSIH-0160,LOTSIH,10.21,10.158,9.464,9.553,4.644,4.603,0.538,0.535,11.358,11.27,1.591,1.674
LOTSIH-0161,LOTSIH,9.736,10.128,9.324,9.367,4.751,4.78,0.516,0.517,13.166,13.242,1.382,1.431
LOTSIH-0162,LOTSIH,9.927,10.11,9.166,9.189,4.057,4.094,0.526,0.53,12.467,12.374,2.176,2.199
LOTSIH-0163,LOTSIH,9.656,9.869,10.126,10.079,4.558,4.545,0.498,0.506,11.223,11.002,1.895,1.905
LOTSIH-0164,LOTSIH,9.752,9.878,10.181,9.866,4.278,4.275,0.523,0.528,11.814,11.665,1.811,1.804
LOTSIH-0165,LOTSIH,13.1,13.311,11.312,11.453,4.939,4.982,0.514,0.517,12.947,12.839,1.642,1.626
LOTSIH-0166,LOTSIH,11.584,11.816,9.443,9.524,4.753,4.72,0.524,0.522,12.407,12.41,1.848,1.774
LOTSIH-0167,LOTSIH,11.796,11.381,8.929,8.99,4.578,4.631,0.491,0.496,12.849,12.812,1.288,1.3
LOTSIH-0168,LOTSIH,12.37,12.445,10.624,10.734,4.26,4.342,0.476,0.473,12.681,12.579,2.282,2.372
LOTSIH-0169,LOTSIH,10.285,10.479,10.566,10.557,4.281,4.311,0.517,0.519,12.868,12.698,1.492,1.517
LOTSIH-0170,LOTSIH,10.361,10.643,10.501,10.677,5.005,5.078,0.503,0.503,11.218,11.242,1.735,1.766
LOTSIH-0171,LOTSIH,9.987,10.183,10.999,11.09,4.216,4.237,0.517,0.519,10.256,10.376,2.017,2.097
LOTSIH-0172,LOTSIH,11.987,12.319,9.628,9.809,4.353,4.379,0.516,0.52,10.012,9.99,1.777,1.787
LOTSIH-0173,LOTSIH,11.871,11.719,10.841,10.856,4.541,4.571,0.525,0.518,13.488,13.348,1.766,1.804
LOTSIH-0174,LOTSIH,13.994,14.226,9.526,9.792,4.771,4.734,0.519,0.514,12.797,12.729,2.09,2.167
LOTSIH-0175,LOTSIH,10.042,10.091,9.29,9.259,4.266,4.235,0.5,0.499,12.857,12.643,1.873,1.965
LOTSIH-0176,LOTSIH,7.58,7.188,10.716,10.525,4.819,4.79,0.526,0.527,11.665,11.7,1.703,1.665
LOTSIH-0177,LOTSIH,12.81,12.404,11.098,11.239,4.836,4.817,0.546,0.554,12.589,12.574,1.636,1.7
LOTSIH-0178,LOTSIH,10.07,10.035,9.772,10.105,4.185,4.154,0.51,0.512,11.771,11.808,1.972,1.908
LOTSIH-0179,LOTSIH,10.387,10.673,10.358,10.563,5.028,5.045,0.538,0.542,13.048,12.842,1.888,1.926
LOTSIH-0180,LOTSIH,8.718,8.492,9.386,9.458,4.756,4.765,0.54,0.545,11.723,11.686,1.526,1.522
LOTSIH-0181,LOTSIH,12.457,12.466,11.378,11.421,5.006,5.044,0.549,0.546,12.024,11.891,1.93,1.941
LOTSIH-0182,LOTSIH,12.039,12.266,10.46,10.712,4.253,4.249,0.511,0.513,12.597,12.544,1.612,1.59
LOTSIH-0183,LOTSIH,11.246,11.547,12.627,12.662,4.611,4.629,0.491,0.492,11.955,11.84,1.832,1.801
LOTSIH-0184,LOTSIH,12.946,13.049,9.845,9.892,4.242,4.293,0.518,0.516,13.49,13.573,2.037,2.048
LOTSIH-0185,LOTSIH,11.494,11.252,10.929,10.887,5.065,5.064,0.536,0.531,11.713,11.645,2.218,2.218
LOTSIH-0186,LOTSIH,10.124,9.789,11.103,11.344,4.229,4.204,0.527,0.527,12.72,12.713,1.66,1.602
LOTSIH-0187,LOTSIH,11.936,11.906,8.948,9.152,4.666,4.685,0.526,0.528,12.563,12.529,1.743,1.762
LOTSIH-0188,LOTSIH,10.143,10.144,8.633,8.874,4.367,4.324,0.529,0.526,13.044,12.879,1.799,1.836
LOTSIH-0189,LOTSIH,12.493,12.712,8.174,8.002,4.486,4.451,0.512,0.511,11.452,11.344,1.187,1.106
LOTSIH-0190,LOTSIH,12.68,13.254,8.894,8.86,4.633,4.693,0.533,0.538,10.612,10.631,1.792,1.783
LOTSIH-0191,LOTSIH,11.145,11.322,11.254,11.223,5.301,5.356,0.519,0.519,12.056,12.074,1.775,1.819
LOTSIH-0192,LOTSIH,9.394,9.208,9.914,9.899,4.158,4.177,0.515,0.514,10.681,10.675,2.214,2.265
LOTSIH-0193,LOTSIH,7.741,7.797,10.821,10.751,4.653,4.701,0.502,0.507,9.666,9.718,1.397,1.483
LOTSIH-0194,LOTSIH,12.413,12.546,11.123,11.057,4.845,4.835,0.539,0.54,13.725,13.68,1.738,1.715
LOTSIH-0195,LOTSIH,11.609,11.761,12.424,12.505,4.846,4.863,0.524,0.527,12.414,12.258,1.561,1.624
LOTSIH-0196,LOTSIH,11.679,11.64,10.552,10.629,4.695,4.679,0.532,0.543,12.045,12.064,1.636,1.732
LOTSIH-0197,LOTSIH,11.075,10.984,11.962,12.066,4.791,4.806,0.497,0.497,13.134,13.036,1.601,1.591
LOTSIH-0198,LOTSIH,10.805,10.952,9.47,9.843,4.261,4.322,0.516,0.517,12.988,12.877,1.517,1.575
LOTSIH-0199,LOTSIH,11.028,10.663,10.518,10.575,4.949,4.944,0.513,0.511,11.588,11.632,1.338,1.31
LOTSIH-0200,LOTSIH,8.581,8.769,10.331,10.458,4.533,4.604,0.551,0.549,10.841,10.897,1.75,1.819
