part_id,lot_id,iddq_0h,iddq_24h,ileak_0h,ileak_24h,tpd_0h,tpd_24h
LIVE-0001,LIVELOT,11.05,11.18,10.1,10.22,4.7,4.72
LIVE-0002,LIVELOT,10.82,10.91,9.88,9.97,4.65,4.67
LIVE-0003,LIVELOT,11.4,11.55,10.35,10.48,4.58,4.6
LIVE-0004,LIVELOT,10.95,11.04,9.72,9.8,4.81,4.83
LIVE-0005,LIVELOT,11.22,11.3,10.05,10.14,4.69,4.71
LIVE-0006,LIVELOT,10.7,10.78,9.95,10.03,4.74,4.76
LIVE-0007,LIVELOT,11.15,11.27,10.28,10.4,4.62,4.64
LIVE-0008,LIVELOT,10.88,10.96,10.12,10.2,4.77,4.79
LIVE-0009,LIVELOT,11.08,11.19,9.84,9.93,4.66,4.68
LIVE-0010,LIVELOT,13.1,13.4,45.0,45.32,4.7,4.73
LIVE-0011,LIVELOT,11.16,11.28,10.14,10.26,4.74,4.76
LIVE-0012,LIVELOT,10.68,10.8,9.72,9.84,4.62,4.64
LIVE-0013,LIVELOT,10.92,11.04,9.93,10.05,4.68,4.7
LIVE-0014,LIVELOT,11.16,11.28,10.14,10.26,4.74,4.76
LIVE-0015,LIVELOT,10.68,10.8,9.72,9.84,4.62,4.64
LIVE-0016,LIVELOT,10.92,11.04,9.93,10.05,4.68,4.7
LIVE-0017,LIVELOT,11.16,11.28,10.14,10.26,4.74,4.76
LIVE-0018,LIVELOT,10.68,10.8,9.72,9.84,4.62,4.64
LIVE-0019,LIVELOT,10.92,11.04,9.93,10.05,4.68,4.7
LIVE-0020,LIVELOT,11.16,11.28,10.14,10.26,4.74,4.76
LIVE-0021,LIVELOT,10.68,10.8,9.72,9.84,4.62,4.64
LIVE-0022,LIVELOT,10.92,11.04,9.93,10.05,4.68,4.7
LIVE-0023,LIVELOT,11.16,11.28,10.14,10.26,4.74,4.76
LIVE-0024,LIVELOT,10.68,10.8,9.72,9.84,4.62,4.64
LIVE-0025,LIVELOT,10.92,11.04,9.93,10.05,4.68,4.7
